i_deg;j_deg;theta_y;theta_z;mean_theta_y;mean_theta_z
-90;-40;-44.09527;-5.883249;-44.075596;-5.909488
-90;-39;-43.37216;-6.0105796;-43.31182;-5.9960933
-90;-38;-41.84364;-5.654798;-42.170147;-5.8773947
-90;-37;-41.5007;-5.9435854;-41.421658;-5.9457116
-90;-36;-40.617367;-5.9204025;-40.520115;-5.8618407
-90;-35;-39.116062;-5.9318476;-39.01224;-5.8687415
-90;-34;-38.043743;-6.037021;-37.861015;-5.8572764
-90;-33;-37.181953;-5.945658;-37.061787;-5.87026
-90;-32;-36.253597;-5.920752;-36.049484;-5.748744
-90;-31;-34.519966;-5.6112003;-34.8975;-5.72204
-90;-30;-34.00134;-5.532987;-34.401604;-5.8369017
-90;-29;-32.89627;-5.5042987;-33.098618;-5.637068
-90;-28;-32.14758;-6.0799923;-31.873848;-5.8616633
-90;-27;-31.074224;-5.883925;-30.734371;-5.744042
-90;-26;-29.903158;-5.987467;-29.906094;-5.90932
-90;-25;-29.329784;-5.7400026;-28.76878;-5.504279
-90;-24;-27.798658;-5.6720304;-27.895012;-5.7102814
-90;-23;-26.485003;-5.5766177;-26.783524;-5.651382
-90;-22;-25.85964;-5.376633;-26.076548;-5.5172076
-90;-21;-24.541409;-5.360686;-24.850683;-5.473252
-90;-20;-23.633158;-5.8511195;-23.407013;-5.5967655
-90;-19;-22.686125;-5.95742;-22.96256;-5.947297
-90;-18;-21.799332;-5.6439266;-21.622267;-5.6358933
-90;-17;-20.809847;-5.5250535;-20.539566;-5.613283
-90;-16;-19.885206;-5.83318;-19.896446;-5.716513
-90;-15;-18.733757;-5.505349;-19.020203;-5.5906672
-90;-14;-17.763435;-5.5915594;-17.585653;-5.4435463
-90;-13;-17.092066;-5.5148873;-16.836748;-5.4379287
-90;-12;-15.784686;-5.5530534;-15.858145;-5.546979
-90;-11;-14.9649725;-5.517759;-15.079021;-5.50847
-90;-10;-13.441918;-5.6024933;-14.132028;-5.5365295
-90;-9;-12.6906595;-5.5856466;-12.9983;-5.465246
-90;-8;-12.0589075;-5.6226544;-11.827614;-5.6055117
-90;-7;-10.919547;-5.679928;-11.038343;-5.6891217
-90;-6;-9.959037;-5.7048516;-9.577002;-5.6515355
-90;-5;-8.782768;-5.7784586;-9.117525;-5.6857314
-90;-4;-8.26811;-5.64489;-7.8056464;-5.572632
-90;-3;-6.8104415;-5.7351475;-7.0852027;-5.5796556
-90;-2;-5.5635242;-5.5069513;-5.5393233;-5.505204
-90;-1;-4.7468677;-5.61156;-4.7775216;-5.5387783
-90;0;-3.9558182;-5.5914264;-3.8757365;-5.5758424
-90;1;-3.46063;-5.6235104;-3.0392358;-5.584955
-90;2;-2.111901;-5.725723;-2.214206;-5.583242
-90;3;-1.1964678;-5.434739;-0.79680884;-5.4419074
-90;4;0.0812978;-5.663216;-0.19068263;-5.5986266
-90;5;0.9703597;-5.6068077;0.7238257;-5.5769396
-90;6;1.8070701;-5.540343;2.2517047;-5.5403514
-90;7;2.9774327;-5.480391;3.2259197;-5.47434
-90;8;3.8350315;-5.4482455;4.161223;-5.531682
-90;9;5.01284;-5.349627;5.1978674;-5.5257545
-90;10;5.648509;-5.516772;5.8345647;-5.541615
-90;11;6.9383435;-5.472269;7.0476594;-5.504561
-90;12;7.4679203;-5.4823585;7.5880017;-5.4786515
-90;13;8.721787;-5.60729;8.940584;-5.626624
-90;14;9.77262;-5.384146;9.872989;-5.3932934
-90;15;11.338526;-5.569464;11.16106;-5.56332
-90;16;11.908689;-5.587627;12.027269;-5.499787
-90;17;13.628611;-5.486004;13.230739;-5.434489
-90;18;13.998571;-5.5623455;13.955492;-5.5788383
-90;19;15.007545;-5.3615227;15.110682;-5.4133425
-90;20;16.522581;-5.634886;16.306288;-5.5831757
-90;21;17.523907;-5.747092;17.344578;-5.5422854
-90;22;17.978796;-5.7454114;17.696487;-5.583693
-90;23;18.922182;-5.347992;19.046894;-5.2834044
-90;24;20.3942;-5.504996;20.350084;-5.4518447
-90;25;21.29487;-5.2343564;20.825481;-5.209495
-90;26;22.078773;-5.6661787;21.665447;-5.453234
-90;27;23.032011;-5.394875;23.385729;-5.5191283
-90;28;23.901756;-5.400307;24.371138;-5.5988245
-90;29;25.343386;-5.6077914;24.974554;-5.502852
-90;30;26.07168;-5.301499;26.251709;-5.380252
-90;31;26.89183;-5.3647714;27.090488;-5.510764
-90;32;27.726656;-5.3032813;27.827326;-5.3580246
-90;33;29.098745;-5.4309998;29.073603;-5.462128
-90;34;29.821646;-5.248965;30.220724;-5.147185
-90;35;31.143305;-5.142919;31.288244;-5.19841
-90;36;31.843027;-5.1838365;31.95312;-5.225669
-90;37;32.702816;-5.193516;32.751694;-5.338672
-90;38;33.85936;-5.1298285;34.271492;-5.2401204
-90;39;35.18747;-5.289909;35.256702;-5.1829724
-80;-40;-43.828537;4.520474;-43.915554;4.427312
-80;-39;-43.057297;4.078518;-42.686325;4.3858624
-80;-38;-41.80776;4.394299;-41.830273;4.3783956
-80;-37;-40.636578;4.3719244;-40.828186;4.2328987
-80;-36;-40.38432;4.037601;-39.987625;4.319776
-80;-35;-38.513287;4.8153462;-38.68767;4.4387
-80;-34;-37.530453;4.509225;-37.640045;4.4600244
-80;-33;-36.74092;4.694753;-36.9784;4.60558
-80;-32;-35.35072;4.667268;-35.828358;4.4683394
-80;-31;-34.589466;4.64517;-34.54315;4.6567035
-80;-30;-33.339863;4.5697823;-33.55189;4.446754
-80;-29;-33.06896;4.08151;-32.78625;4.49471
-80;-28;-32.117996;4.074766;-31.781971;4.2813783
-80;-27;-31.311464;4.303849;-31.174109;4.379018
-80;-26;-30.0015;4.336509;-30.039915;4.273042
-80;-25;-28.644604;4.49832;-28.768522;4.4675684
-80;-24;-27.531858;4.619766;-27.515688;4.6405125
-80;-23;-26.772137;4.5547886;-26.633333;4.4807224
-80;-22;-25.538626;4.6499095;-25.649681;4.62193
-80;-21;-24.11591;4.6171665;-24.334406;4.538773
-80;-20;-23.706167;4.3277;-23.809933;4.298878
-80;-19;-22.75855;4.372284;-23.003513;4.2950344
-80;-18;-21.65934;4.4623914;-21.948292;4.4063454
-80;-17;-20.663986;4.478208;-20.800648;4.474164
-80;-16;-19.574856;4.4192095;-19.544554;4.401799
-80;-15;-18.89389;4.2945313;-18.7291;4.340196
-80;-14;-18.1061;4.4870725;-17.724773;4.5720253
-80;-13;-16.662937;4.31879;-16.913427;4.284588
-80;-12;-16.388386;4.235739;-16.119633;4.2892337
-80;-11;-15.212458;4.4559665;-14.887999;4.509548
-80;-10;-14.137359;4.346236;-13.9400015;4.396724
-80;-9;-12.757158;4.4705443;-13.030264;4.4364486
-80;-8;-12.301354;4.614499;-11.601348;4.5685787
-80;-7;-10.468225;4.448796;-10.72745;4.414022
-80;-6;-10.034684;4.5633783;-9.83884;4.4296536
-80;-5;-8.8037815;4.4898143;-9.030066;4.4526463
-80;-4;-7.8536463;4.522502;-8.180583;4.4774523
-80;-3;-6.9154944;4.5782647;-6.6194367;4.4161887
-80;-2;-5.7795267;4.5897527;-5.8278284;4.393083
-80;-1;-4.8625;4.6836514;-4.72292;4.6714525
-80;0;-3.4411094;4.3591886;-3.8991725;4.317437
-80;1;-2.9432075;4.3463435;-3.4984999;4.3041086
-80;2;-2.0979502;4.39454;-1.9662733;4.3845754
-80;3;-0.7408763;4.6490536;-1.1422586;4.550833
-80;4;0.58252436;4.55366;0.4052613;4.5616307
-80;5;1.8728476;4.602123;1.7816752;4.596514
-80;6;1.7801614;4.513565;2.0422988;4.4358096
-80;7;3.4084187;4.456902;3.2830586;4.454494
-80;8;4.2690606;4.581153;4.3112187;4.5092254
-80;9;5.9072976;4.573207;5.7004495;4.5602016
-80;10;6.1437902;4.3416457;6.129057;4.3587537
-80;11;7.3241625;4.378683;7.2538986;4.403316
-80;12;7.932329;4.5740337;7.988241;4.4710526
-80;13;9.195333;4.4543223;9.465382;4.66085
-80;14;10.2151785;4.3234463;10.187902;4.3598275
-80;15;10.862725;4.4596696;11.018367;4.4110837
-80;16;12.452522;4.5543036;12.278207;4.46803
-80;17;13.092434;4.5715694;13.348573;4.4879446
-80;18;15.064672;4.492103;14.724157;4.5820827
-80;19;15.598939;4.5155277;15.53109;4.520033
-80;20;16.63487;4.32433;16.476217;4.38976
-80;21;17.07485;4.5218315;17.197588;4.4983726
-80;22;18.54732;4.387425;18.370867;4.45366
-80;23;19.938547;4.4705963;19.89304;4.488291
-80;24;20.345201;4.643505;20.625864;4.589962
-80;25;21.1468;4.306112;21.420523;4.4302444
-80;26;23.056622;4.205548;22.596666;4.3818007
-80;27;22.961044;4.796842;23.53738;4.5584674
-80;28;24.435923;4.672177;24.735859;4.440095
-80;29;25.262302;4.4143295;25.529425;4.4612465
-80;30;26.62182;4.4296727;26.601498;4.454761
-80;31;28.371159;4.3291025;27.544092;4.412202
-80;32;28.73472;4.312054;28.674742;4.4187675
-80;33;29.955961;4.4324675;29.947805;4.4164777
-80;34;31.189589;4.4188952;30.501366;4.619734
-80;35;32.00491;4.6550417;31.564806;4.5451646
-80;36;32.227516;4.4658394;32.379185;4.462469
-80;37;33.584236;4.5894947;33.281742;4.6728225
-80;38;34.347282;4.7465286;34.967148;4.536037
-80;39;36.442017;4.608161;36.084843;4.717712
-70;-40;-43.474644;14.507767;-43.450653;14.513461
-70;-39;-42.558422;14.54926;-42.558;14.555037
-70;-38;-41.571854;14.3602085;-41.53454;14.407448
-70;-37;-40.52917;14.631899;-40.64254;14.558979
-70;-36;-39.668495;14.300818;-39.430832;14.601401
-70;-35;-38.36513;14.474929;-38.655087;14.577173
-70;-34;-37.500217;14.647808;-37.519375;14.561357
-70;-33;-36.255554;14.669513;-36.699154;14.360687
-70;-32;-35.896656;14.336576;-35.80995;14.366511
-70;-31;-34.708595;14.27538;-34.610394;14.472814
-70;-30;-33.48177;14.417962;-33.532505;14.408271
-70;-29;-32.821743;14.51605;-32.58848;14.380582
-70;-28;-31.570427;14.273581;-31.58296;14.310363
-70;-27;-30.789925;14.404384;-30.773447;14.387369
-70;-26;-29.734179;14.490372;-29.706776;14.413625
-70;-25;-28.688631;14.574547;-28.688633;14.448412
-70;-24;-27.526754;14.518625;-27.535223;14.533774
-70;-23;-26.365763;14.790019;-26.340105;14.774131
-70;-22;-25.48309;14.662071;-25.44373;14.658289
-70;-21;-24.6089;14.552574;-24.532276;14.663953
-70;-20;-23.371439;14.435362;-23.379135;14.403194
-70;-19;-22.44994;14.318995;-22.537645;14.347995
-70;-18;-21.688469;14.250898;-21.549448;14.40719
-70;-17;-20.768358;14.515888;-20.712088;14.539382
-70;-16;-19.80931;14.542929;-19.801044;14.550983
-70;-15;-18.719585;14.431231;-18.668829;14.445081
-70;-14;-17.382746;14.584948;-17.405611;14.577626
-70;-13;-16.04792;14.521106;-16.336372;14.459074
-70;-12;-15.503443;14.356609;-15.491114;14.441741
-70;-11;-14.770822;14.404;-14.769142;14.38071
-70;-10;-13.61033;14.2843895;-13.502669;14.297156
-70;-9;-12.592853;14.388514;-12.579542;14.421622
-70;-8;-11.863393;14.566096;-11.809285;14.55163
-70;-7;-10.426327;14.5614805;-10.446022;14.510357
-70;-6;-9.053794;14.662149;-9.430592;14.718714
-70;-5;-8.4435;14.55664;-8.4988575;14.685111
-70;-4;-7.4224987;14.614873;-7.7749124;14.429148
-70;-3;-6.8307047;14.412584;-6.832799;14.359195
-70;-2;-5.612017;14.398719;-5.6243315;14.414267
-70;-1;-4.2550116;14.580491;-4.3778834;14.476245
-70;0;-3.4171765;14.4543495;-3.519051;14.448276
-70;1;-2.9510565;14.50028;-2.7516074;14.281296
-70;2;-1.4369315;14.294207;-1.4587755;14.339908
-70;3;-0.65277857;14.355597;-0.7339421;14.3357315
-70;4;0.42236575;14.386461;0.58168995;14.481783
-70;5;1.7092901;14.434736;1.6685861;14.481349
-70;6;2.0551336;14.316462;2.2085643;14.418859
-70;7;3.2042408;14.26149;3.1495833;14.28936
-70;8;4.176417;14.233883;4.1681943;14.236709
-70;9;5.4893427;14.346087;5.326999;14.342504
-70;10;6.4780793;14.753595;6.4288054;14.680053
-70;11;7.2896;14.4450245;7.5069537;14.49923
-70;12;8.439968;14.306707;8.439449;14.339462
-70;13;9.246668;14.57813;9.11208;14.366949
-70;14;9.655083;14.370108;9.686297;14.411908
-70;15;10.88717;14.667766;10.900598;14.531556
-70;16;12.320512;14.52033;12.153463;14.507589
-70;17;13.5677595;14.442622;13.148323;14.485423
-70;18;14.148202;14.265462;14.158187;14.2901
-70;19;14.758011;14.44326;14.811514;14.392137
-70;20;15.7876005;14.608886;16.073805;14.638433
-70;21;17.625807;14.626993;17.251055;14.561126
-70;22;17.724377;14.44591;18.029108;14.46153
-70;23;19.177202;14.303584;19.175802;14.348094
-70;24;20.094164;14.537674;19.845282;14.660458
-70;25;21.088799;14.574453;20.983837;14.591523
-70;26;21.995134;14.438337;22.341871;14.488485
-70;27;22.909704;14.475169;22.90514;14.486017
-70;28;24.244904;14.647817;23.706787;14.7339945
-70;29;25.073248;14.633902;25.097784;14.609154
-70;30;26.01873;14.666449;26.01691;14.603412
-70;31;26.887201;14.504013;26.894838;14.504859
-70;32;27.809446;14.722898;27.920412;14.577674
-70;33;28.965025;14.640896;28.983591;14.628074
-70;34;30.380245;14.694871;30.384043;14.613145
-70;35;30.714071;14.891399;31.013496;14.772515
-70;36;31.94498;14.528173;32.019993;14.506556
-70;37;32.83365;14.918669;33.009136;14.731095
-70;38;33.911587;14.810996;33.932503;14.713687
-70;39;35.17501;14.679563;35.0518;14.6473465
-60;-40;-42.835705;24.327265;-43.45525;23.812998
-60;-39;-42.866062;23.510862;-42.60109;23.807636
-60;-38;-41.977867;23.299423;-42.07577;23.619007
-60;-37;-40.86503;23.352442;-40.79188;23.3978
-60;-36;-39.958145;23.419981;-39.929955;23.597939
-60;-35;-39.122684;23.936874;-39.08384;23.958403
-60;-34;-37.849293;23.453272;-37.909916;23.6187
-60;-33;-36.78841;23.594723;-36.933308;23.910345
-60;-32;-36.125423;24.044594;-36.273415;23.878405
-60;-31;-35.043514;23.579498;-35.118904;23.866621
-60;-30;-33.79126;24.114853;-33.941357;23.837353
-60;-29;-32.422543;24.468315;-33.168842;23.828636
-60;-28;-32.412025;23.950068;-31.83863;24.130367
-60;-27;-30.942749;23.541618;-30.981558;23.883877
-60;-26;-29.84265;23.88527;-29.932531;23.81971
-60;-25;-28.922209;24.303333;-28.910501;23.973457
-60;-24;-27.724407;23.92699;-28.044096;23.704737
-60;-23;-26.820211;23.608437;-26.526443;23.810833
-60;-22;-25.90937;23.553505;-25.84758;23.6867
-60;-21;-25.006123;24.147938;-25.088615;23.70101
-60;-20;-24.154877;23.629385;-24.144548;23.836514
-60;-19;-22.905048;23.68233;-22.818306;23.726673
-60;-18;-22.118883;23.866009;-22.053448;24.032257
-60;-17;-21.00386;23.747252;-21.101595;23.797796
-60;-16;-20.053339;23.789843;-20.097109;23.937893
-60;-15;-19.295374;23.744896;-18.936857;23.964476
-60;-14;-18.421719;23.933987;-17.899174;23.76623
-60;-13;-16.996635;23.79142;-16.653135;24.114511
-60;-12;-15.625691;24.22075;-16.054735;23.79751
-60;-11;-15.122451;23.59176;-15.192461;23.574419
-60;-10;-14.102747;23.864056;-14.087329;23.843653
-60;-9;-11.779347;24.263283;-12.902675;23.88201
-60;-8;-12.159282;23.803776;-12.1941805;23.846601
-60;-7;-10.832383;23.915224;-10.861414;23.919724
-60;-6;-10.712593;24.032047;-10.251967;23.969557
-60;-5;-9.429882;24.11987;-8.760068;24.012897
-60;-4;-7.474957;24.050333;-8.37726;23.808998
-60;-3;-7.2522755;23.805843;-7.0728073;24.00054
-60;-2;-5.9803166;24.252657;-6.0490055;23.997536
-60;-1;-4.9134355;23.901123;-4.9144526;23.94306
-60;0;-4.109382;23.999298;-4.2787104;23.96569
-60;1;-2.9524984;24.044796;-3.0166311;24.076303
-60;2;-1.5607152;24.183846;-1.5601603;24.163387
-60;3;-1.2750167;24.015547;-0.8885878;24.223515
-60;4;-0.11922188;23.990793;-0.0009306204;24.014212
-60;5;0.8579742;24.022913;0.87194514;24.015532
-60;6;2.1641648;24.141546;2.2325997;24.208618
-60;7;3.4236794;24.272974;3.407563;24.315445
-60;8;3.989792;23.998592;4.0195823;24.08537
-60;9;5.115387;24.05024;5.242138;24.133404
-60;10;6.033325;24.138666;6.172128;24.11475
-60;11;6.8851027;24.141525;7.1090593;24.117008
-60;12;7.9157825;24.233707;7.941219;24.167812
-60;13;9.213406;24.241907;9.568115;24.279219
-60;14;10.231824;24.306698;10.232759;24.062784
-60;15;11.673875;23.955597;11.38003;24.198114
-60;16;12.183678;24.196102;12.2472515;24.151012
-60;17;13.409302;24.197088;13.324225;24.278887
-60;18;13.932901;24.321081;14.214128;24.253471
-60;19;15.094801;24.430746;15.08186;24.380632
-60;20;15.862381;24.232822;16.095259;24.133545
-60;21;17.319395;24.185097;17.379742;24.321028
-60;22;19.305044;24.07148;18.234934;24.338783
-60;23;19.128555;24.404964;19.250229;24.414816
-60;24;20.167046;24.470984;20.350357;24.38736
-60;25;21.325281;24.288397;21.415007;24.364733
-60;26;23.31679;24.147211;22.507853;24.304508
-60;27;23.438704;24.266457;23.709248;24.448122
-60;28;24.154385;24.516302;24.292234;24.453955
-60;29;24.904816;24.391428;25.101307;24.357464
-60;30;26.543056;24.003155;26.111296;24.379736
-60;31;26.930986;24.285315;27.09267;24.402384
-60;32;27.972643;24.660784;28.517633;24.39028
-60;33;30.054739;24.37099;29.52884;24.49445
-60;34;29.916275;24.389503;30.36032;24.3563
-60;35;31.549868;24.189175;31.56148;24.117477
-60;36;32.408882;24.217316;32.449657;24.31564
-60;37;32.782036;24.484537;33.06197;24.45764
-60;38;35.166725;24.281765;34.682858;24.347605
-60;39;35.708843;24.150114;35.398136;24.153324
-50;-40;-44.098495;33.862602;-44.060406;33.60993
-50;-39;-43.36202;33.17443;-43.244713;33.327053
-50;-38;-41.660053;34.217293;-41.9242;33.66671
-50;-37;-40.69306;33.66506;-40.65507;33.70981
-50;-36;-40.41916;33.37137;-40.267357;33.446316
-50;-35;-38.728027;33.35696;-38.982048;33.531326
-50;-34;-37.852764;33.18273;-37.99916;33.388012
-50;-33;-36.375298;34.14337;-37.333958;33.334366
-50;-32;-36.14766;33.572975;-35.907635;33.53532
-50;-31;-35.40849;33.470722;-34.869785;33.61321
-50;-30;-34.19665;33.456;-33.99488;33.645348
-50;-29;-33.361866;33.587807;-33.29363;33.63949
-50;-28;-31.163395;34.27607;-32.185184;33.630634
-50;-27;-30.092886;34.05231;-30.945925;33.630474
-50;-26;-30.39005;33.6193;-29.93848;33.75593
-50;-25;-27.85046;34.419075;-28.9874;33.793133
-50;-24;-27.333553;34.13999;-27.792746;33.75465
-50;-23;-27.424835;33.652542;-27.055033;33.794567
-50;-22;-26.455519;33.713387;-26.06203;33.861954
-50;-21;-25.384918;33.784023;-25.223856;33.677517
-50;-20;-24.366251;33.799534;-24.154549;33.824596
-50;-19;-22.324623;34.626198;-23.066486;33.95003
-50;-18;-20.989395;34.466244;-21.997036;33.92993
-50;-17;-21.598335;33.75307;-20.778923;34.00472
-50;-16;-20.23439;34.166134;-20.043476;34.17192
-50;-15;-18.934353;34.5029;-19.297081;34.0928
-50;-14;-18.248217;33.985962;-17.89039;34.037106
-50;-13;-16.711184;34.279396;-17.049213;34.056667
-50;-12;-14.950735;34.042362;-16.063847;34.006767
-50;-11;-15.389018;33.785873;-14.955665;33.972946
-50;-10;-14.619183;33.742012;-14.076683;33.775017
-50;-9;-12.286808;34.199966;-12.980637;34.04635
-50;-8;-12.613075;33.90994;-12.030673;34.131233
-50;-7;-11.349922;33.849686;-11.119188;33.928215
-50;-6;-9.678667;34.28286;-10.478546;33.991966
-50;-5;-9.337697;33.88381;-8.651291;33.984894
-50;-4;-8.845044;34.036003;-8.433007;34.074734
-50;-3;-7.612218;33.908337;-6.9051113;33.957047
-50;-2;-6.200653;34.204433;-5.719048;34.13758
-50;-1;-5.4468327;33.882946;-5.044258;33.917492
-50;0;-4.18045;33.852562;-4.0692596;34.025105
-50;1;-3.555545;34.07329;-3.048172;34.063354
-50;2;-2.4781122;34.098045;-1.7787445;34.069527
-50;3;-0.95312405;33.840027;-0.72520417;33.919254
-50;4;0.7851006;34.01433;0.2958795;34.266407
-50;5;0.5519897;34.358795;0.91968644;34.109684
-50;6;1.3596497;34.137104;1.723972;34.050636
-50;7;2.5854635;34.1616;3.239365;34.03421
-50;8;4.2177258;34.06506;4.6637325;34.181293
-50;9;5.241586;34.163372;5.3219495;34.16934
-50;10;6.19409;34.090164;6.099631;34.25479
-50;11;7.831381;33.993786;7.52019;34.171158
-50;12;8.384111;34.240906;7.8793793;34.48476
-50;13;10.181569;34.050117;9.645891;33.958557
-50;14;10.262436;34.039433;10.113899;34.132633
-50;15;11.079494;34.229465;11.220963;34.20498
-50;16;12.778765;34.082184;12.544991;34.09557
-50;17;13.104513;34.296818;13.392133;34.230877
-50;18;15.254755;34.253094;14.69413;34.275864
-50;19;15.725516;33.931026;15.843651;34.13873
-50;20;15.951483;34.175747;16.210983;34.282825
-50;21;17.593742;33.9242;17.397148;34.21272
-50;22;18.53273;34.184998;18.597107;34.228046
-50;23;19.571815;34.334015;19.570122;34.257866
-50;24;20.496082;34.152306;20.535776;34.16175
-50;25;21.522314;33.897797;21.538746;34.033913
-50;26;22.028252;34.25646;22.40485;34.17916
-50;27;23.251972;34.55638;23.601892;34.2366
-50;28;24.280603;34.36981;24.706171;34.074608
-50;29;25.247831;34.423695;25.670841;33.932392
-50;30;27.18304;33.74446;26.530382;34.100266
-50;31;27.895966;33.886383;27.8225;34.153805
-50;32;28.768387;33.882862;28.498241;34.281296
-50;33;30.092976;33.896595;30.01856;34.107933
-50;34;31.458189;33.840004;30.796328;33.923027
-50;35;31.5664;34.48841;31.452005;34.341053
-50;36;32.55975;34.274963;32.587635;34.165173
-50;37;33.78105;34.246017;33.700047;34.12647
-50;38;34.9739;34.30978;34.948624;34.200745
-50;39;35.368942;34.07842;35.38358;34.263893
-40;-40;-43.70171;43.036453;-43.527306;43.35118
-40;-39;-42.275574;44.071564;-42.856506;43.41487
-40;-38;-41.66727;43.708218;-41.650528;43.70458
-40;-37;-40.673584;43.19362;-40.42571;43.77231
-40;-36;-39.98355;43.186234;-40.116535;43.55617
-40;-35;-38.960266;43.224655;-38.40676;43.94106
-40;-34;-38.34358;43.129166;-37.607857;43.498306
-40;-33;-36.64991;43.55524;-36.62414;43.625256
-40;-32;-35.838737;43.53851;-35.744366;43.522224
-40;-31;-34.437313;43.41176;-35.25114;43.280014
-40;-30;-33.7731;42.985325;-33.476906;43.238487
-40;-29;-32.60983;43.677822;-32.47916;43.65698
-40;-28;-31.164717;44.004097;-31.635117;43.70258
-40;-27;-30.803555;43.501556;-30.906559;43.22014
-40;-26;-29.898056;43.537502;-29.71071;43.54923
-40;-25;-29.467337;43.34174;-28.662556;43.440544
-40;-24;-27.220926;43.8158;-27.757534;43.304478
-40;-23;-26.399868;43.873608;-26.736132;43.327915
-40;-22;-25.744488;43.545727;-25.51911;43.426514
-40;-21;-25.417145;43.39112;-24.690872;43.736126
-40;-20;-23.370869;43.23655;-23.338373;43.309723
-40;-19;-22.65226;43.21856;-22.229597;43.551704
-40;-18;-22.11889;43.097286;-21.345926;43.518356
-40;-17;-20.930576;43.583508;-20.68969;43.595318
-40;-16;-19.867937;43.510548;-19.631794;43.57168
-40;-15;-19.071869;43.755417;-18.931667;43.79831
-40;-14;-17.396845;43.628807;-17.515741;43.706287
-40;-13;-16.295633;43.355896;-16.304905;43.37869
-40;-12;-16.04814;43.48532;-15.553631;43.618587
-40;-11;-14.568224;43.508858;-14.648908;43.609413
-40;-10;-13.600169;43.652954;-13.31778;43.67877
-40;-9;-12.393757;43.53791;-12.7286415;43.673286
-40;-8;-11.682134;43.618275;-12.040066;43.77277
-40;-7;-10.875412;43.812157;-10.742033;43.79506
-40;-6;-9.3346615;43.741283;-9.581706;43.829815
-40;-5;-8.861258;43.82136;-8.60103;43.782402
-40;-4;-7.2969127;43.498997;-7.605139;43.736103
-40;-3;-7.140163;43.98641;-6.7597904;43.829628
-40;-2;-5.8996525;43.64804;-5.5866613;43.54149
-40;-1;-4.7000494;43.724243;-4.2996793;43.58837
-40;0;-3.529909;43.740204;-3.4712007;43.785397
-40;1;-2.446756;43.551167;-2.642382;43.63059
-40;2;-1.304936;43.609287;-1.3441418;43.60674
-40;3;-0.24380039;43.802288;-0.3622043;43.915264
-40;4;0.83699894;43.840004;0.5649206;43.913345
-40;5;1.4193257;43.93012;1.2469438;43.956837
-40;6;2.3978543;43.94737;2.3955595;44.04718
-40;7;2.9446466;44.135387;3.1990573;44.1812
-40;8;4.4974055;44.150337;4.1757936;43.963722
-40;9;5.6453114;43.853172;5.6648808;43.88567
-40;10;6.0844975;43.985317;6.3803797;43.982735
-40;11;7.065636;44.071136;7.0778546;44.055183
-40;12;8.330658;44.100655;8.4143915;44.136074
-40;13;9.171905;44.073315;9.12964;44.093422
-40;14;10.854376;44.066845;10.598127;44.061188
-40;15;11.128425;44.066975;11.179232;44.110798
-40;16;12.296991;44.284107;12.566629;44.313694
-40;17;13.48271;44.043236;13.5081;44.080193
-40;18;14.1644;44.156147;14.207282;44.033936
-40;19;15.226293;44.027493;15.333912;43.94894
-40;20;16.22575;44.188244;16.331083;44.145004
-40;21;17.307787;44.078236;17.318869;44.090595
-40;22;18.240345;44.552696;18.537405;44.254265
-40;23;19.786015;43.927715;19.665997;44.090847
-40;24;20.30151;44.156437;20.547548;44.147984
-40;25;21.621546;43.94862;21.2538;44.22495
-40;26;22.104507;44.263115;22.145811;44.257103
-40;27;23.582308;44.291897;23.257416;44.29875
-40;28;24.922834;44.37889;24.733368;44.179016
-40;29;25.721104;44.056786;25.53457;44.426567
-40;30;26.753843;44.11485;26.402046;44.15955
-40;31;27.438478;44.28412;27.43691;44.29641
-40;32;28.824318;44.044914;28.475548;44.170403
-40;33;29.532084;44.50029;29.858263;44.056576
-40;34;30.308392;44.039898;30.477242;44.129368
-40;35;31.614225;44.2758;31.880312;43.975056
-40;36;32.829494;44.07685;32.70859;44.17554
-40;37;33.61325;44.190884;33.334854;44.41131
-40;38;34.275444;44.323914;34.652454;44.369347
-40;39;35.48301;44.203213;35.707478;44.07984
-30;-40;-43.361668;54.119053;-43.82494;53.974102
-30;-39;-42.935707;54.503674;-42.82872;54.52782
-30;-38;-41.783;54.386696;-41.618095;54.435
-30;-37;-40.871758;54.10508;-40.80785;54.12111
-30;-36;-39.85684;54.76825;-39.784256;54.26222
-30;-35;-38.48585;54.118225;-38.732616;54.2852
-30;-34;-37.380257;54.94044;-37.768745;54.54692
-30;-33;-36.913765;54.16838;-36.88532;54.162086
-30;-32;-35.98724;54.771423;-35.84401;54.61943
-30;-31;-34.744137;54.60632;-34.623093;54.226368
-30;-30;-33.976593;53.955338;-33.952633;54.165024
-30;-29;-32.947266;54.4091;-32.862617;54.35268
-30;-28;-32.00514;54.23461;-31.921513;54.246197
-30;-27;-30.404476;54.254898;-30.841612;54.459618
-30;-26;-29.83794;54.489647;-29.773333;54.321617
-30;-25;-28.90833;54.08329;-28.84972;54.15547
-30;-24;-28.121204;54.214134;-28.104631;54.229656
-30;-23;-26.786589;54.74686;-26.8202;54.74206
-30;-22;-26.090076;54.289547;-26.12148;54.3367
-30;-21;-24.548828;54.20105;-24.891315;54.46776
-30;-20;-23.696789;54.379986;-23.600332;54.406246
-30;-19;-22.213451;54.22573;-22.637505;54.51139
-30;-18;-21.857222;54.413723;-21.868391;54.40339
-30;-17;-20.90822;54.42722;-20.937637;54.40416
-30;-16;-19.72814;54.663967;-19.755548;54.685184
-30;-15;-18.480156;54.49088;-18.87359;54.62998
-30;-14;-18.008379;54.377983;-17.989725;54.405888
-30;-13;-16.97078;54.554104;-16.944042;54.579956
-30;-12;-16.14423;54.54687;-16.088593;54.53849
-30;-11;-14.719338;54.735756;-14.769339;54.708057
-30;-10;-13.43112;54.16279;-13.739136;54.28598
-30;-9;-12.364581;54.05549;-12.82081;54.25149
-30;-8;-11.930916;54.531235;-11.872567;54.63671
-30;-7;-10.377527;54.208588;-11.043679;54.368008
-30;-6;-9.515796;54.364117;-9.8601675;54.45857
-30;-5;-8.96022;54.525497;-8.917145;54.538837
-30;-4;-8.166942;54.336063;-8.056617;54.420425
-30;-3;-6.8385763;54.45455;-6.8644986;54.58529
-30;-2;-6.1176867;54.594215;-6.118851;54.66394
-30;-1;-5.073269;54.153492;-5.0543966;54.20486
-30;0;-4.071243;54.392986;-4.0771437;54.42864
-30;1;-2.8856368;54.530586;-2.956586;54.588017
-30;2;-1.7203519;54.528923;-1.762319;54.486702
-30;3;-0.6863288;54.17287;-1.1896228;54.427948
-30;4;-0.18328938;54.43726;-0.17812298;54.42576
-30;5;0.84765524;54.554283;0.96901673;54.55358
-30;6;2.0306323;54.37276;1.9832653;54.476074
-30;7;3.300337;54.4841;3.2255886;54.552715
-30;8;4.252714;54.534286;4.282029;54.589687
-30;9;5.191523;54.54646;5.167935;54.655354
-30;10;5.78588;54.392143;5.8543344;54.40404
-30;11;7.5247917;54.22694;7.1381783;54.466022
-30;12;8.024026;54.412563;7.963277;54.444286
-30;13;9.296382;54.32015;9.265736;54.474926
-30;14;10.557278;54.210815;10.074885;54.479397
-30;15;11.352084;54.44126;11.384323;54.437572
-30;16;12.021415;54.405956;12.019304;54.42738
-30;17;13.198596;54.53615;13.238033;54.524
-30;18;14.347757;54.684425;14.467122;54.50805
-30;19;15.11435;54.668865;15.076766;54.557743
-30;20;16.167952;54.508797;16.135384;54.441364
-30;21;17.079594;54.52917;17.104261;54.625767
-30;22;18.085743;54.454365;18.091679;54.456318
-30;23;18.99215;54.625458;19.00771;54.50817
-30;24;20.006159;54.50079;20.049881;54.49387
-30;25;20.99875;54.478962;21.009232;54.52261
-30;26;21.989464;54.668358;22.015392;54.63063
-30;27;23.436995;54.528156;23.532991;54.46578
-30;28;24.48659;54.783684;24.436441;54.71181
-30;29;25.094826;54.72189;25.212046;54.708763
-30;30;26.628986;54.754795;26.49356;54.711674
-30;31;27.42163;54.620396;27.489239;54.660862
-30;32;28.287682;54.791824;28.236471;54.745945
-30;33;29.594658;54.850147;29.561855;54.799427
-30;34;30.459555;54.732742;30.445724;54.791847
-30;35;31.088158;54.409245;31.2768;54.62513
-30;36;32.452236;54.48986;32.02933;54.648697
-30;37;33.268547;54.68926;33.298553;54.542206
-30;38;34.400784;54.71197;34.510345;54.654922
-30;39;35.239563;54.815735;35.567314;54.778732
-20;-40;-43.838432;64.60095;-43.833828;64.587715
-20;-39;-42.854343;63.975853;-42.86864;63.87417
-20;-38;-41.794357;64.00794;-41.787613;64.05542
-20;-37;-40.905586;64.395706;-40.887463;64.320984
-20;-36;-39.93015;63.9994;-39.88793;64.01279
-20;-35;-38.937527;64.57907;-38.921124;64.61079
-20;-34;-38.041237;64.337074;-38.00833;64.35878
-20;-33;-36.96113;64.467705;-36.94145;64.50136
-20;-32;-35.95716;63.926544;-36.017616;63.83188
-20;-31;-34.76275;63.87885;-34.74652;63.838108
-20;-30;-34.013943;64.0813;-33.99593;64.09068
-20;-29;-32.76457;64.19057;-32.784676;64.18093
-20;-28;-31.975403;64.32346;-31.963444;64.22701
-20;-27;-30.941916;63.918507;-30.993982;63.943058
-20;-26;-29.957174;64.01703;-30.096933;64.09029
-20;-25;-29.251537;64.08636;-29.051228;64.11876
-20;-24;-28.102482;64.16513;-28.118986;64.15983
-20;-23;-27.081087;64.21085;-27.071644;64.19678
-20;-22;-26.161367;64.21264;-26.076183;64.24072
-20;-21;-25.088442;64.20151;-25.127243;64.195854
-20;-20;-23.80212;64.60864;-23.8404;64.63971
-20;-19;-22.783434;64.302444;-23.12797;64.59543
-20;-18;-22.046356;64.624146;-22.081837;64.656296
-20;-17;-20.705946;64.06352;-20.733269;64.082954
-20;-16;-19.994188;64.20955;-19.635563;63.75169
-20;-15;-18.625612;64.0364;-18.669016;64.03349
-20;-14;-17.966063;64.24516;-17.888363;64.13341
-20;-13;-16.908012;63.899387;-16.967674;63.89158
-20;-12;-15.976153;64.21747;-15.977681;64.19155
-20;-11;-15.317959;64.13321;-15.011377;64.137344
-20;-10;-13.927699;64.35212;-13.937908;64.435265
-20;-9;-13.216973;64.29458;-13.216399;64.30402
-20;-8;-11.897805;63.989212;-11.957838;63.970818
-20;-7;-11.085381;64.18181;-11.131938;64.206116
-20;-6;-9.829217;64.37606;-9.823474;64.366104
-20;-5;-9.007842;63.984547;-9.138609;64.1562
-20;-4;-8.189221;64.46253;-8.181953;64.44828
-20;-3;-7.22277;64.330734;-7.193928;64.36249
-20;-2;-6.189466;64.1801;-6.195003;64.28649
-20;-1;-4.853556;64.15739;-4.870743;64.20878
-20;0;-4.016248;64.02905;-3.9348333;64.18933
-20;1;-2.9934726;64.44617;-2.94398;64.266785
-20;2;-2.056586;64.17482;-2.1043158;64.21432
-20;3;-1.1326991;64.2856;-1.0550593;64.32552
-20;4;-0.09573306;64.341545;0.045155894;64.22114
-20;5;0.6737437;64.19175;0.68233424;64.25615
-20;6;2.1361945;64.17238;2.1193755;64.20014
-20;7;3.0909667;64.50778;3.090642;64.31915
-20;8;4.1648097;64.220184;4.1592298;64.284805
-20;9;5.0073757;64.26266;5.062577;64.27604
-20;10;5.8660793;64.52867;5.8951063;64.41845
-20;11;7.1448216;64.40607;7.1271806;64.48676
-20;12;8.256718;64.35213;8.197591;64.45052
-20;13;8.857018;64.20788;8.89089;64.24502
-20;14;10.087988;64.475006;10.110199;64.396774
-20;15;10.956301;64.2888;10.891265;64.37227
-20;16;12.062154;64.30714;12.082032;64.34846
-20;17;13.534534;64.60547;13.499675;64.39996
-20;18;14.217766;64.40741;14.191721;64.44346
-20;19;15.380412;64.43489;15.375662;64.42573
-20;20;16.228273;64.528915;16.261335;64.49462
-20;21;17.423126;64.48008;17.498411;64.5259
-20;22;18.068031;64.51618;17.973665;64.515305
-20;23;19.061207;64.52209;19.09063;64.41457
-20;24;20.174692;64.41076;20.141628;64.38384
-20;25;20.944448;64.29042;20.863136;64.413025
-20;26;21.928978;64.323944;21.952011;64.49532
-20;27;23.407701;64.37882;22.941465;64.451965
-20;28;24.245625;64.35932;24.258297;64.40177
-20;29;25.230797;64.38212;25.170538;64.41251
-20;30;26.108034;64.36481;26.143375;64.44185
-20;31;27.02488;64.54517;27.120703;64.46797
-20;32;28.479729;64.51657;28.280855;64.45099
-20;33;28.9038;64.48349;28.952108;64.504234
-20;34;30.328295;64.458565;30.309513;64.50943
-20;35;30.976091;64.288506;31.031502;64.40718
-20;36;32.284313;64.46213;32.296604;64.46268
-20;37;32.925426;64.35885;32.992683;64.384575
-20;38;34.310036;64.58571;34.268166;64.54237
-20;39;35.37638;64.48337;35.3605;64.5172
-10;-40;-44.088394;74.4575;-44.01914;74.47494
-10;-39;-43.17716;74.09696;-43.03993;74.08089
-10;-38;-42.034008;74.72081;-42.047432;74.443214
-10;-37;-40.851883;73.874306;-40.993763;74.21698
-10;-36;-39.870907;74.01884;-39.848907;74.10114
-10;-35;-38.985596;73.679825;-39.06935;74.04027
-10;-34;-38.062523;74.23345;-38.106197;74.277176
-10;-33;-37.024887;73.83274;-37.029247;74.00795
-10;-32;-36.11261;73.95433;-36.087574;73.97264
-10;-31;-34.976524;74.10731;-34.960354;74.13226
-10;-30;-33.820343;74.19649;-34.111057;74.53116
-10;-29;-33.04618;74.056366;-32.9938;73.85666
-10;-28;-31.908037;73.84394;-31.920263;73.86301
-10;-27;-31.099865;73.888214;-31.024944;73.906166
-10;-26;-30.123966;73.985504;-30.125057;74.05149
-10;-25;-29.019123;74.04825;-29.035652;74.01813
-10;-24;-28.20591;74.00705;-28.201035;74.02705
-10;-23;-27.208994;74.05989;-27.192768;74.05259
-10;-22;-26.285706;74.08419;-26.206314;74.12011
-10;-21;-25.214527;74.116356;-25.232122;74.13546
-10;-20;-24.015228;74.54298;-24.02606;74.52785
-10;-19;-22.909855;74.234886;-22.818558;74.24886
-10;-18;-22.046833;74.24398;-22.037756;74.209206
-10;-17;-20.998356;74.19729;-21.032833;74.23507
-10;-16;-19.782753;74.24079;-19.746754;74.204475
-10;-15;-19.003044;74.40547;-18.990337;74.28697
-10;-14;-18.0466;74.14682;-18.046637;74.19302
-10;-13;-17.295084;74.12962;-17.219656;74.38303
-10;-12;-16.244925;74.41719;-16.283775;74.44979
-10;-11;-14.861683;74.0833;-14.874582;74.16322
-10;-10;-13.892735;74.35444;-13.870778;74.357994
-10;-9;-13.341528;74.32651;-13.319964;74.33449
-10;-8;-12.257445;74.23547;-12.132962;74.49291
-10;-7;-11.172294;74.23521;-11.010793;74.161385
-10;-6;-10.310501;74.465454;-10.271779;74.514984
-10;-5;-9.058462;74.15346;-9.001994;74.151085
-10;-4;-7.502455;74.33655;-8.262547;74.29891
-10;-3;-7.2965355;74.295456;-7.180048;74.5803
-10;-2;-6.375904;74.27769;-6.3414264;74.27971
-10;-1;-5.303426;74.4142;-5.1550393;74.39197
-10;0;-4.1312313;74.23101;-4.3189692;74.31286
-10;1;-2.4036155;74.33118;-2.9484596;74.21156
-10;2;-1.9987988;74.4583;-2.029072;74.47042
-10;3;-0.59652764;74.08004;-0.9668155;74.406
-10;4;-0.011957116;74.32928;-0.40871343;74.3636
-10;5;1.215499;74.30245;1.2428262;74.29877
-10;6;1.6015806;74.41651;1.6446495;74.44473
-10;7;2.9861345;74.328964;3.0246549;74.32191
-10;8;4.1342235;74.26835;4.143833;74.27623
-10;9;5.10413;74.45837;5.106805;74.4854
-10;10;5.824731;74.4959;5.8673267;74.47817
-10;11;7.0278134;74.44237;6.932018;74.441025
-10;12;7.5430956;74.32684;7.6479373;74.29852
-10;13;9.262694;74.68348;9.283151;74.48924
-10;14;9.918879;74.49197;9.908558;74.49726
-10;15;11.513218;74.45794;11.186132;74.533455
-10;16;12.19863;74.48497;12.172802;74.50684
-10;17;13.820112;74.49245;13.129313;74.57002
-10;18;14.183202;74.380684;14.236124;74.43873
-10;19;14.954905;74.477585;15.202146;74.499084
-10;20;15.906363;74.46551;16.0007;74.55691
-10;21;16.949583;74.571434;16.967783;74.57845
-10;22;17.909033;74.507256;17.910547;74.51296
-10;23;19.374945;74.52806;19.234268;74.52264
-10;24;19.596275;74.43078;19.673615;74.37425
-10;25;20.732151;74.462074;20.724468;74.48598
-10;26;22.111925;74.54594;21.84961;74.57385
-10;27;23.091227;74.56393;22.99405;74.556564
-10;28;24.459158;74.80408;24.358856;74.588905
-10;29;25.343063;74.65092;25.287712;74.66488
-10;30;26.228313;74.70651;26.226974;74.59396
-10;31;27.143353;74.5266;27.12243;74.57648
-10;32;27.991688;74.804016;27.955824;74.62053
-10;33;28.886208;74.68297;28.900625;74.62916
-10;34;30.282297;74.67808;30.28456;74.61489
-10;35;31.073349;74.74323;31.216156;74.54575
-10;36;31.780169;74.812325;32.079994;74.64067
-10;37;33.22049;74.66291;33.171597;74.62917
-10;38;33.908897;74.63603;34.188404;74.681625
-10;39;35.20722;74.8671;35.229916;74.75569
0;-40;-44.277138;84.30912;-44.11259;83.96903
0;-39;-43.145203;83.9001;-43.1609;83.97422
0;-38;-42.115765;83.91347;-41.957115;83.923546
0;-37;-41.26545;84.0751;-41.21679;83.9246
0;-36;-40.213684;84.44778;-40.02874;83.99136
0;-35;-39.024227;83.57174;-39.063793;83.56693
0;-34;-37.980675;83.62622;-38.03485;83.659134
0;-33;-37.25355;84.11974;-37.178455;84.119156
0;-32;-36.1075;84.12848;-36.107704;84.131805
0;-31;-35.01954;84.188324;-35.134876;83.704895
0;-30;-34.213207;84.18962;-34.51972;84.204575
0;-29;-33.35207;84.1685;-33.389633;84.14319
0;-28;-31.903152;83.829765;-32.142487;84.20654
0;-27;-31.297087;83.8146;-31.212572;83.88848
0;-26;-30.217237;83.86091;-30.202112;83.85401
0;-25;-29.01831;83.85763;-29.11991;84.04027
0;-24;-28.243828;84.29614;-28.229092;84.30681
0;-23;-27.521551;84.30049;-27.570425;84.319435
0;-22;-26.602701;84.29542;-26.569273;84.27487
0;-21;-24.890474;83.565605;-25.063927;83.839836
0;-20;-23.840515;83.59352;-23.78535;83.77876
0;-19;-22.895035;83.92826;-23.00066;84.089455
0;-18;-21.943605;83.97939;-21.8885;84.044754
0;-17;-21.192204;83.958084;-21.1426;83.993935
0;-16;-19.985615;83.96454;-20.03412;83.95666
0;-15;-19.189451;83.96604;-19.206764;84.02449
0;-14;-18.264761;84.43;-18.114157;84.19877
0;-13;-16.972101;84.29917;-17.032398;84.09019
0;-12;-16.129942;84.26597;-16.007088;84.0895
0;-11;-15.1423;83.9833;-15.1028;83.981735
0;-10;-13.977304;83.63848;-13.916482;83.97863
0;-9;-12.83038;83.95105;-12.781298;84.024956
0;-8;-12.175204;83.95283;-12.21418;83.9444
0;-7;-11.082643;84.369064;-11.081363;84.25456
0;-6;-9.923709;83.97186;-9.938041;84.02316
0;-5;-9.227738;84.19725;-9.213041;84.18473
0;-4;-7.8983917;83.94939;-7.835772;83.990234
0;-3;-7.247831;84.15817;-7.249089;84.16089
0;-2;-6.216658;84.38726;-6.2166514;84.21039
0;-1;-5.4106717;84.0708;-5.021119;84.159996
0;0;-4.3150134;84.40931;-4.24953;84.42969
0;1;-3.4542391;84.29616;-3.4538267;84.35004
0;2;-2.5292835;84.28203;-2.2979283;84.32724
0;3;-1.3297064;84.290115;-1.2457144;84.29221
0;4;-0.32581654;84.27303;-0.26645577;84.30019
0;5;0.96261245;84.30012;1.0489686;84.30497
0;6;1.7878191;84.393326;1.9015391;84.407684
0;7;3.0042472;84.25948;3.1035075;84.26369
0;8;4.286053;84.26058;4.4121256;84.324486
0;9;5.0560308;84.32916;5.025553;84.39129
0;10;5.628759;84.44854;5.7420964;84.40292
0;11;6.993449;84.31038;6.9959335;84.34171
0;12;8.089883;84.33091;8.118242;84.37049
0;13;8.701438;84.55729;8.953442;84.37203
0;14;10.292247;84.34302;10.34519;84.35935
0;15;11.503337;84.300644;11.080287;84.39713
0;16;11.995993;84.38677;12.061096;84.443214
0;17;13.529677;84.37032;13.439219;84.416
0;18;14.1066065;84.38007;14.151631;84.40864
0;19;15.468554;84.38396;15.325521;84.425385
0;20;16.119251;84.474846;16.183529;84.46328
0;21;17.106518;84.459656;17.276407;84.408226
0;22;18.03295;84.42631;18.08818;84.516884
0;23;18.970085;84.39531;19.060751;84.45699
0;24;20.381329;84.37864;20.374384;84.395096
0;25;21.341293;84.46776;21.061646;84.476204
0;26;21.722546;84.4603;21.865522;84.46164
0;27;23.089668;84.48883;23.136345;84.510056
0;28;24.018787;84.57462;24.080294;84.570694
0;29;25.727484;84.44414;25.402182;84.56096
0;30;26.103483;84.600105;26.054031;84.45061
0;31;27.37175;84.60621;27.465578;84.66355
0;32;28.291048;84.57833;28.24534;84.66902
0;33;29.492256;84.784676;29.44243;84.72634
0;34;29.886713;84.53215;30.301125;84.60197
0;35;30.629343;84.397255;30.820862;84.45673
0;36;32.389065;84.57017;32.3917;84.55335
0;37;33.234493;84.702255;33.211666;84.659485
0;38;33.997723;84.56318;33.956417;84.716644
0;39;35.17953;84.73647;35.209812;84.60292
10;-40;-43.308365;94.888;-43.80277;94.42048
10;-39;-43.14317;94.406334;-43.060143;94.42739
10;-38;-41.904346;94.29836;-41.717564;94.45647
10;-37;-41.07363;94.25105;-41.11423;94.316536
10;-36;-40.326553;94.22399;-40.053875;94.45184
10;-35;-39.166763;94.15742;-38.990192;94.28316
10;-34;-38.289505;94.58584;-38.096985;94.72999
10;-33;-36.58673;94.53387;-36.878136;94.30959
10;-32;-35.933956;94.07412;-35.727917;94.311615
10;-31;-35.004463;94.002106;-34.67957;94.302376
10;-30;-34.074165;94.41346;-33.590252;94.50359
10;-29;-33.030968;94.422066;-32.535404;94.7008
10;-28;-32.116554;94.46666;-31.934343;94.54712
10;-27;-30.41926;94.83301;-30.749289;94.58367
10;-26;-29.521254;94.773926;-29.794779;94.5724
10;-25;-28.990217;94.3109;-28.889223;94.37375
10;-24;-27.997763;94.31737;-27.804794;94.50329
10;-23;-26.894056;94.26267;-26.668726;94.47844
10;-22;-25.433617;94.62899;-25.685547;94.449234
10;-21;-25.344707;94.2952;-25.100048;94.41165
10;-20;-23.496187;94.622734;-23.953724;94.29996
10;-19;-22.984667;94.2754;-22.796028;94.33252
10;-18;-20.985771;94.627625;-21.146969;94.50822
10;-17;-20.317652;94.26456;-20.503164;94.230644
10;-16;-19.792309;94.574234;-19.944311;94.61889
10;-15;-18.518103;94.52775;-18.568552;94.46604
10;-14;-17.941305;94.268555;-17.867542;94.10903
10;-13;-17.068666;94.880875;-16.883438;94.66241
10;-12;-15.005549;94.53255;-15.645399;94.33253
10;-11;-14.810823;94.23805;-14.481254;94.39751
10;-10;-13.541664;94.26987;-13.366964;94.46338
10;-9;-13.228857;94.283356;-12.956173;94.417534
10;-8;-11.686597;94.30087;-12.092176;94.5536
10;-7;-10.581776;94.571266;-10.789611;94.44733
10;-6;-9.539063;94.29299;-9.406401;94.48653
10;-5;-8.834003;94.32061;-8.6276865;94.43834
10;-4;-7.473809;94.54161;-7.59746;94.46692
10;-3;-6.340261;94.59168;-6.421316;94.5668
10;-2;-5.2973065;94.318504;-5.0650253;94.42855
10;-1;-4.8424225;94.62514;-5.004299;94.55233
10;0;-3.4607816;94.60053;-3.5951402;94.57054
10;1;-2.9565995;94.59081;-2.8538413;94.459465
10;2;-2.075043;94.35664;-1.8711921;94.442444
10;3;-0.7285122;94.64234;-0.93369687;94.55061
10;4;0.5604723;94.395584;0.46872395;94.44311
10;5;1.5414567;94.455025;1.5838499;94.34625
10;6;2.3007188;94.48781;2.4122488;94.53751
10;7;3.5763924;94.2407;3.813486;94.350006
10;8;4.254094;94.351685;4.5144863;94.43308
10;9;6.113137;94.50446;5.9232903;94.416214
10;10;6.661019;94.33171;6.590625;94.40113
10;11;7.7953773;94.431114;7.53454;94.373795
10;12;8.08452;94.439766;8.410402;94.37926
10;13;9.703043;94.44422;8.932944;94.401146
10;14;10.337153;94.27378;10.597998;94.29446
10;15;11.425522;94.4405;11.112969;94.40222
10;16;13.151296;94.441154;12.049091;94.414505
10;17;13.555799;94.319916;13.963537;94.3566
10;18;14.18317;94.387054;14.4979725;94.37438
10;19;15.077604;94.35839;15.552905;94.355
10;20;17.221687;94.238335;16.543676;94.42746
10;21;17.659359;94.399055;17.635025;94.41246
10;22;18.589436;94.386185;19.119677;94.38981
10;23;18.971054;94.36694;19.446465;94.31565
10;24;20.99159;94.21439;20.652594;94.3629
10;25;21.89047;94.38176;21.571365;94.38505
10;26;22.682184;94.43352;23.058113;94.395386
10;27;23.028276;94.31191;23.879295;94.27529
10;28;24.363218;94.38976;24.101444;94.315346
10;29;25.75465;94.4755;25.40989;94.423355
10;30;27.137012;94.145744;26.867825;94.28909
10;31;28.543308;94.37327;28.18549;94.46571
10;32;28.759773;94.49474;28.46647;94.56757
10;33;29.525793;94.487366;29.80675;94.40178
10;34;30.33159;94.54191;30.57331;94.41817
10;35;31.568443;94.4017;32.043617;94.38021
10;36;32.91702;94.197945;32.967964;94.34055
10;37;32.612988;94.41828;33.081196;94.377914
10;38;34.86814;94.43182;34.646523;94.4672
10;39;35.5063;94.21382;35.455338;94.38383
20;-40;-44.05147;104.25043;-43.77463;104.4691
20;-39;-42.281208;104.54072;-42.662773;104.89603
20;-38;-41.959133;104.378395;-41.61115;104.69456
20;-37;-40.988686;104.30145;-40.613476;104.5508
20;-36;-39.292095;104.65031;-39.338833;104.51553
20;-35;-38.75581;104.95039;-38.857147;104.84153
20;-34;-37.487503;104.80071;-37.740524;104.595184
20;-33;-36.714703;104.25539;-36.369255;104.240265
20;-32;-35.101246;104.11772;-35.43228;104.41377
20;-31;-35.06629;104.11577;-35.00596;104.443535
20;-30;-33.552013;104.0008;-33.36084;104.27051
20;-29;-32.909786;103.92539;-32.588493;104.12452
20;-28;-31.484516;104.663414;-31.615543;104.27094
20;-27;-30.674843;104.67461;-30.870052;104.59693
20;-26;-30.152521;104.2283;-29.819487;104.453445
20;-25;-29.10492;104.14608;-28.67968;104.735565
20;-24;-27.39572;104.911354;-27.698778;104.471436
20;-23;-26.076113;104.41502;-26.250713;104.30292
20;-22;-26.180073;104.379074;-25.999002;104.49552
20;-21;-24.839067;104.010796;-24.600643;104.51406
20;-20;-23.208424;104.38824;-23.276299;104.306725
20;-19;-22.219948;104.37631;-22.406334;104.33781
20;-18;-21.642654;104.74118;-21.881096;104.50221
20;-17;-20.890213;104.69471;-21.074392;104.58895
20;-16;-19.38696;104.37379;-19.55146;104.48108
20;-15;-19.130175;104.375595;-18.372732;104.57297
20;-14;-18.080502;104.41581;-17.656012;104.664825
20;-13;-16.311249;104.39754;-16.478542;104.29025
20;-12;-15.561783;104.152756;-15.186968;104.460014
20;-11;-14.394488;104.77131;-14.531061;104.71859
20;-10;-13.568466;104.29443;-13.925965;104.26444
20;-9;-13.263747;104.74534;-12.85748;104.50246
20;-8;-11.223144;104.54537;-11.51553;104.38436
20;-7;-10.445357;104.642235;-10.665559;104.52538
20;-6;-9.431986;104.65175;-9.540508;104.44253
20;-5;-8.293267;104.5443;-8.861226;104.51184
20;-4;-7.8941126;104.671265;-7.932709;104.41532
20;-3;-6.578697;104.45856;-6.431061;104.29273
20;-2;-6.096344;104.37724;-5.968711;104.43579
20;-1;-4.2824397;104.60369;-4.588169;104.564575
20;0;-3.78795;104.65779;-4.0104914;104.557
20;1;-2.8653016;104.26728;-2.366631;104.477036
20;2;-1.7188939;104.35485;-1.4520193;104.470055
20;3;-1.35732;104.4869;-1.226849;104.53535
20;4;0.25963908;104.63762;0.19384521;104.5776
20;5;1.7595434;104.523926;1.5440052;104.47444
20;6;2.1432998;104.29569;2.5979004;104.41446
20;7;3.3235762;104.48163;3.2065513;104.613075
20;8;4.2912817;104.653275;4.1314287;104.631775
20;9;4.8835053;104.4736;5.222524;104.586205
20;10;6.5849304;104.51174;6.4242764;104.40355
20;11;7.996513;104.532776;7.8018675;104.48039
20;12;8.642264;104.434814;9.027624;104.49028
20;13;9.724682;104.72995;9.423822;104.67494
20;14;10.48631;104.42444;10.341309;104.57851
20;15;11.120985;104.66032;11.435584;104.61193
20;16;12.690448;104.5563;12.53405;104.50608
20;17;13.828852;104.425476;14.370444;104.63897
20;18;13.821164;104.60268;14.57468;104.58399
20;19;14.920167;104.577774;15.102197;104.61723
20;20;16.801384;104.42127;16.633995;104.54995
20;21;17.299337;104.56065;17.61615;104.53925
20;22;18.487013;104.6275;18.959736;104.56563
20;23;19.30065;104.55302;19.496328;104.52307
20;24;19.621592;104.57883;19.87826;104.541504
20;25;21.65781;104.518295;21.514458;104.598
20;26;22.532612;104.44425;22.375134;104.533226
20;27;23.849232;104.361435;23.66586;104.52556
20;28;24.403187;104.65741;24.443312;104.68464
20;29;25.268028;104.75549;25.50057;104.670364
20;30;26.087427;104.63759;26.435934;104.59726
20;31;27.902454;104.41149;27.736784;104.583984
20;32;27.810562;104.69248;28.40575;104.60067
20;33;29.72031;104.76743;29.629488;104.70622
20;34;30.9775;104.66459;30.612654;104.67182
20;35;31.846807;104.58978;31.482922;104.57088
20;36;32.48982;104.551254;32.67155;104.642845
20;37;33.9129;104.65093;33.72156;104.81832
20;38;34.59556;104.51373;34.434;104.45556
20;39;35.83949;104.561874;35.573936;104.64267
30;-40;-42.962425;114.139244;-43.27618;114.19305
30;-39;-42.11241;114.303444;-42.479298;114.15576
30;-38;-41.72688;114.09352;-41.3618;114.4622
30;-37;-40.320614;114.41743;-40.332577;114.39117
30;-36;-39.810158;113.73639;-39.244156;114.165924
30;-35;-38.897705;114.05858;-38.509277;114.37596
30;-34;-37.610237;113.8817;-37.27154;114.22806
30;-33;-36.463165;114.58718;-36.638496;114.36555
30;-32;-35.230515;114.37607;-35.412292;114.212555
30;-31;-33.953926;114.26342;-34.220867;114.1415
30;-30;-33.058395;114.17558;-33.30695;113.8756
30;-29;-32.70619;114.03182;-32.1278;114.34018
30;-28;-32.014004;113.92;-31.288797;114.20336
30;-27;-30.498524;113.892876;-30.42399;114.01045
30;-26;-30.210192;113.70037;-29.685041;113.90739
30;-25;-28.52994;114.06864;-28.768288;113.850334
30;-24;-27.944864;113.97973;-27.589216;114.15933
30;-23;-26.358253;114.35922;-26.69337;114.20276
30;-22;-25.360891;114.22345;-25.568806;114.10966
30;-21;-24.985079;113.911865;-24.816988;114.1094
30;-20;-23.471485;114.30964;-23.62507;114.1308
30;-19;-22.562185;114.66935;-22.744957;114.51071
30;-18;-21.728771;114.332855;-21.840147;114.31896
30;-17;-20.172844;114.21312;-20.62031;114.088524
30;-16;-19.785522;113.91758;-19.544767;114.093
30;-15;-18.426672;114.440186;-18.693682;114.39053
30;-14;-16.619343;114.28918;-17.342764;114.07768
30;-13;-16.38169;114.30785;-16.530478;114.32393
30;-12;-16.465519;114.31535;-16.104942;114.46987
30;-11;-15.037364;114.08077;-14.796646;114.27095
30;-10;-13.998467;114.72372;-14.136229;114.54646
30;-9;-12.829442;114.090324;-12.787728;114.38502
30;-8;-11.596865;114.47598;-11.896699;114.27307
30;-7;-10.906365;114.239075;-10.734615;114.278854
30;-6;-9.1731825;114.312004;-9.493251;114.22265
30;-5;-8.572224;114.42502;-8.598706;114.256874
30;-4;-8.342051;114.3377;-8.086063;114.28911
30;-3;-7.462422;114.272156;-7.0401034;114.3667
30;-2;-5.968962;114.592606;-5.9739733;114.53205
30;-1;-4.719075;114.31767;-4.3990464;114.45737
30;0;-3.7906861;114.59679;-4.052597;114.49129
30;1;-2.7354643;114.32195;-2.4880974;114.390236
30;2;-1.698582;114.214096;-1.535689;114.29657
30;3;-0.6765326;114.12422;-0.3811175;114.220314
30;4;0.18854402;114.269196;0.057465315;114.38567
30;5;1.468668;114.45732;1.1434661;114.55708
30;6;2.7833161;114.34917;2.4460113;114.37859
30;7;3.6861868;114.44062;3.4664013;114.39657
30;8;4.5849566;114.52212;4.9162393;114.420204
30;9;4.887599;114.23337;5.4762807;114.30119
30;10;6.1551065;114.43073;6.1788335;114.352615
30;11;7.329683;114.60166;6.9039464;114.46729
30;12;8.575483;114.53011;8.438937;114.49873
30;13;9.822043;114.492004;9.465606;114.39954
30;14;10.661008;114.255035;10.560328;114.409355
30;15;11.722375;114.510345;11.266032;114.38591
30;16;11.910395;114.49879;12.170071;114.508995
30;17;14.043771;114.47701;13.936352;114.39924
30;18;14.77934;114.31903;14.475292;114.421906
30;19;15.760912;114.51592;15.646598;114.461426
30;20;17.029182;114.30042;16.957155;114.45238
30;21;16.965984;114.55823;17.362791;114.42633
30;22;18.71599;114.5279;18.892017;114.56814
30;23;19.556368;114.597015;19.940502;114.56873
30;24;20.503191;114.56813;20.444113;114.55926
30;25;21.55209;114.544235;21.233004;114.60826
30;26;22.601603;114.55282;22.450888;114.53613
30;27;23.98349;114.52632;23.94901;114.542816
30;28;24.833899;114.33413;24.715923;114.44084
30;29;25.893396;114.56447;25.809502;114.60643
30;30;26.776365;114.36631;26.435015;114.5815
30;31;27.685917;114.59255;27.945068;114.561485
30;32;28.04863;114.56993;28.13384;114.4584
30;33;30.005999;114.596664;29.64554;114.646194
30;34;30.872208;114.58715;30.840939;114.51258
30;35;31.754843;114.43127;31.579023;114.57841
30;36;33.02303;114.52214;32.92012;114.56327
30;37;33.400166;114.44648;33.733627;114.58806
30;38;34.68445;114.57523;34.446487;114.59808
30;39;35.48953;114.75579;35.829422;114.547516
40;-40;-43.02032;124.46527;-43.225113;124.55098
40;-39;-42.227814;124.37235;-42.188744;124.46859
40;-38;-41.072903;124.59805;-41.49301;124.2421
40;-37;-40.17326;124.69007;-40.202187;124.66235
40;-36;-39.375153;124.46295;-39.169945;124.17783
40;-35;-38.417248;124.67606;-38.626526;124.48343
40;-34;-37.21201;124.46857;-37.28342;124.34013
40;-33;-36.82977;124.25432;-36.362564;124.58511
40;-32;-35.070087;124.354416;-35.216938;124.30094
40;-31;-34.162647;124.29026;-34.297924;124.04085
40;-30;-33.384853;124.37327;-33.537113;124.329315
40;-29;-32.72527;123.94961;-32.323696;124.269356
40;-28;-31.003452;124.60514;-31.215687;124.44761
40;-27;-30.585371;123.78546;-30.310093;124.113884
40;-26;-29.706219;124.70568;-29.586018;124.34416
40;-25;-28.555626;124.67416;-28.822523;124.49993
40;-24;-27.331787;124.619484;-27.745838;124.29826
40;-23;-26.325628;124.714386;-26.572622;124.61163
40;-22;-25.921297;124.38051;-25.496422;124.30782
40;-21;-24.489758;124.47862;-24.552275;124.25591
40;-20;-23.012499;124.36961;-23.216032;124.17193
40;-19;-21.648891;124.38574;-21.936914;124.267075
40;-18;-21.350864;124.38539;-21.47171;124.29481
40;-17;-20.030512;124.23068;-20.439623;124.44849
40;-16;-19.457348;123.76389;-19.151182;123.91983
40;-15;-18.31274;124.368324;-18.469816;124.24343
40;-14;-17.3707;124.3121;-17.416758;124.405014
40;-13;-16.347246;124.35372;-16.573391;124.4207
40;-12;-15.167484;124.487785;-15.386122;124.29743
40;-11;-14.522868;124.65155;-14.673605;124.51884
40;-10;-13.591418;124.082535;-13.348718;124.26014
40;-9;-12.273493;124.39362;-12.476428;124.44787
40;-8;-10.800155;124.33285;-11.025263;124.09211
40;-7;-10.01567;124.427666;-10.218832;124.38087
40;-6;-9.485026;124.2439;-9.260198;124.39276
40;-5;-8.6604395;124.087975;-8.151161;124.19728
40;-4;-7.6269937;124.35546;-7.7762084;124.32915
40;-3;-6.4038825;124.24955;-6.571631;124.192
40;-2;-5.553188;124.01959;-5.463832;124.27383
40;-1;-4.8443646;124.562645;-4.9745855;124.41126
40;0;-3.2781558;124.423225;-3.5796494;124.28289
40;1;-2.5915496;124.21242;-2.1780427;124.33224
40;2;-1.5797325;124.14256;-1.4455198;124.186615
40;3;-0.29918355;124.33799;-0.3723308;124.41711
40;4;0.47040156;124.42015;0.19290783;124.42324
40;5;1.6896483;124.52076;1.4473605;124.41455
40;6;2.709868;124.50192;2.495911;124.37105
40;7;3.9787157;124.260506;3.7913818;124.27273
40;8;4.9402184;124.45775;4.9233465;124.41823
40;9;6.376281;124.45105;5.7742696;124.3761
40;10;7.309441;124.211426;6.980579;124.370224
40;11;7.350319;124.28713;7.5393467;124.39302
40;12;9.007978;124.20754;9.022408;124.314316
40;13;9.475676;124.32255;9.820249;124.37271
40;14;9.952546;124.70284;10.288393;124.464874
40;15;11.711077;124.33471;11.591584;124.480995
40;16;13.5894985;124.38992;13.267408;124.29647
40;17;13.778184;124.34978;13.994356;124.32811
40;18;15.098114;124.39044;15.248642;124.30948
40;19;15.39924;124.541046;15.361059;124.489845
40;20;17.377993;124.48097;17.013376;124.48991
40;21;17.726585;124.49896;17.6432;124.60719
40;22;18.206459;124.810486;18.947695;124.57154
40;23;20.331846;124.50631;20.164856;124.477325
40;24;21.460009;124.51832;21.105452;124.512276
40;25;21.189987;124.5244;21.11426;124.48556
40;26;23.114002;124.49109;22.968283;124.47638
40;27;24.617346;124.35023;24.488697;124.47785
40;28;24.785273;124.49278;24.56723;124.5623
40;29;25.514673;124.63716;25.280037;124.613174
40;30;27.200714;124.4582;26.590786;124.67331
40;31;27.608305;124.80629;27.409227;124.65605
40;32;28.608286;124.4731;28.685068;124.675354
40;33;29.462566;124.48161;29.34149;124.645546
40;34;30.123209;124.83457;30.491714;124.87099
40;35;31.35684;124.621574;31.560287;124.652855
40;36;33.384163;124.50647;32.725468;124.6972
40;37;34.074936;124.64675;33.87571;124.8214
40;38;34.335636;124.71587;34.670536;124.6473
40;39;35.794;124.7302;35.60766;124.77224
50;-40;-43.246323;134.55672;-43.31454;134.44913
50;-39;-41.754337;133.908;-41.94896;133.81319
50;-38;-41.778908;133.70854;-41.13639;133.8991
50;-37;-40.04556;134.25319;-40.082443;134.22707
50;-36;-39.644222;133.77101;-39.423946;133.86823
50;-35;-38.468555;133.63841;-38.15654;133.95996
50;-34;-37.26461;133.44283;-37.0057;133.71312
50;-33;-36.12493;134.16066;-36.28538;133.92072
50;-32;-35.262745;133.87778;-35.32007;133.79424
50;-31;-33.96077;134.1013;-34.7393;134.0659
50;-30;-33.142216;134.26445;-33.30622;134.0856
50;-29;-32.048885;134.02171;-32.13428;133.86665
50;-28;-30.864384;133.87225;-31.10969;133.68686
50;-27;-30.075047;134.2193;-30.497087;134.14789
50;-26;-29.11158;134.44595;-29.63811;134.23674
50;-25;-28.648216;134.04454;-28.203592;134.31921
50;-24;-27.44878;133.96245;-27.06662;134.17163
50;-23;-25.681257;133.35597;-26.00343;134.09528
50;-22;-25.455387;133.73235;-25.154366;133.9123
50;-21;-24.35787;134.2904;-24.34927;134.42033
50;-20;-22.715248;134.09447;-22.814972;133.89409
50;-19;-22.010042;134.14296;-22.10932;134.0295
50;-18;-21.0778;134.35735;-21.311672;134.14764
50;-17;-20.928709;134.00974;-20.327606;134.10138
50;-16;-20.032055;134.03056;-19.330198;134.12912
50;-15;-18.109667;134.06789;-18.26322;133.96051
50;-14;-17.240067;134.22656;-17.373878;134.11475
50;-13;-16.71404;134.052;-16.691938;134.00809
50;-12;-15.42614;133.73795;-15.157876;133.87877
50;-11;-14.180092;134.17668;-14.789609;134.15764
50;-10;-13.212356;134.12666;-13.252552;133.9263
50;-9;-12.5216875;134.21085;-12.622347;134.21738
50;-8;-11.279504;133.93768;-11.488118;133.97443
50;-7;-10.407952;134.23148;-10.460138;134.13243
50;-6;-9.623696;133.88307;-9.299964;133.9694
50;-5;-8.236167;133.86844;-7.8699255;134.00485
50;-4;-7.6169286;133.92213;-7.5661135;133.94931
50;-3;-5.970439;134.15114;-6.1486583;133.99738
50;-2;-5.004355;133.89677;-4.955299;134.06448
50;-1;-4.11008;134.22256;-4.300946;134.13332
50;0;-2.9349568;133.97304;-2.9402657;133.98563
50;1;-2.7293382;133.8147;-1.8591857;133.86974
50;2;-1.3407614;134.08846;-1.570696;134.12375
50;3;0.45783898;133.8695;0.3279273;133.96536
50;4;0.91332334;134.38889;0.96817607;134.09312
50;5;1.515459;134.32921;1.5597281;134.27098
50;6;2.9340022;134.21887;2.8195298;134.14432
50;7;4.3249717;134.14818;4.0796432;134.1428
50;8;5.310032;134.28734;5.236627;134.20422
50;9;5.8215938;134.17107;5.9768796;134.16833
50;10;6.2177234;134.03569;6.7301426;134.02301
50;11;7.6584516;133.97879;7.7384033;134.08687
50;12;8.97557;133.96443;8.88534;134.09201
50;13;9.740164;134.17166;9.663061;134.2485
50;14;10.870198;134.12335;11.261184;134.07703
50;15;12.271027;134.22408;12.073082;134.18092
50;16;12.580922;134.25342;12.990719;134.24623
50;17;14.522745;134.24945;14.22969;134.21017
50;18;14.924227;134.15706;14.85374;134.22356
50;19;15.976961;134.14236;15.864848;134.1952
50;20;16.722284;134.1583;16.82675;134.25905
50;21;17.991503;134.17297;17.720137;134.28699
50;22;19.42032;134.32335;18.687296;134.26245
50;23;20.43227;134.16362;20.214518;134.29823
50;24;20.967752;134.28561;20.427166;134.41566
50;25;21.446852;134.52464;21.63637;134.30379
50;26;22.96401;134.48468;22.777985;134.44804
50;27;23.5853;134.4831;24.097113;134.37558
50;28;25.11815;134.29672;24.921368;134.28523
50;29;25.59749;134.39626;25.459528;134.37476
50;30;26.226809;134.51689;26.490166;134.41843
50;31;27.110306;134.48822;27.469181;134.39307
50;32;28.837067;134.34995;28.65202;134.35501
50;33;29.445105;134.40982;29.865284;134.27155
50;34;31.112907;134.37624;31.00838;134.46689
50;35;32.258038;134.34299;32.125603;134.35081
50;36;33.019165;134.1628;32.926155;134.43367
50;37;34.537357;134.26843;34.548088;134.39505
50;38;34.850815;134.53932;35.086662;134.41205
50;39;35.44628;134.42032;35.539482;134.6293
60;-40;-43.237675;144.8885;-43.169464;144.60352
60;-39;-42.431385;144.32689;-42.37843;144.43239
60;-38;-41.323387;144.87128;-41.482964;144.73259
60;-37;-40.333763;144.88531;-40.165825;144.6794
60;-36;-39.79129;144.55551;-39.369965;144.88907
60;-35;-38.826008;144.48186;-38.29994;144.82477
60;-34;-36.916485;144.73952;-36.980934;144.58719
60;-33;-36.36921;145.0573;-36.244354;144.77185
60;-32;-35.228878;144.8782;-35.335686;144.71864
60;-31;-33.8143;144.6189;-33.937023;144.52364
60;-30;-33.089474;144.86317;-33.37806;144.8118
60;-29;-31.941256;144.72374;-32.35347;144.52065
60;-28;-31.060297;144.8566;-31.277905;144.58339
60;-27;-30.610874;144.36133;-30.305035;144.65414
60;-26;-28.881508;144.77179;-28.998953;144.61699
60;-25;-28.217363;144.89426;-28.183266;144.70944
60;-24;-27.105623;144.88794;-27.378637;144.64833
60;-23;-26.032196;144.81973;-26.308146;144.55705
60;-22;-24.908298;144.78702;-24.993738;144.70181
60;-21;-24.383146;144.26863;-24.13854;144.43994
60;-20;-23.459906;144.43083;-23.253805;144.54633
60;-19;-22.590261;144.31313;-22.344965;144.46445
60;-18;-21.2267;144.82446;-21.373407;144.66208
60;-17;-20.104145;144.50143;-20.437565;144.55373
60;-16;-19.588768;144.56522;-18.820644;144.68498
60;-15;-18.240799;144.90999;-18.253067;144.77591
60;-14;-17.290531;144.61053;-17.414642;144.66249
60;-13;-15.928204;144.63406;-16.23421;144.54881
60;-12;-15.384071;144.54729;-15.459856;144.5646
60;-11;-14.658868;144.19003;-14.586785;144.641
60;-10;-13.36658;144.73283;-13.34557;144.61835
60;-9;-12.17548;144.45346;-11.970112;144.56396
60;-8;-11.356653;144.69337;-11.733983;144.66872
60;-7;-9.8052225;144.45976;-10.062601;144.68576
60;-6;-9.21506;144.26054;-9.395839;144.29422
60;-5;-8.031695;144.4824;-8.245203;144.35011
60;-4;-7.0115314;144.53865;-7.0107384;144.43507
60;-3;-6.0129623;144.45312;-6.557071;144.49388
60;-2;-5.1437;144.51009;-5.0939927;144.36371
60;-1;-4.4365315;144.30661;-4.1431193;144.41124
60;0;-3.4493861;144.39346;-3.5927105;144.41168
60;1;-2.8510537;144.5849;-2.4231534;144.5711
60;2;-1.4176053;144.3894;-1.397465;144.55779
60;3;-0.13811502;144.57288;-0.5995173;144.56729
60;4;1.1202866;144.76895;0.9585388;144.61195
60;5;2.1601489;144.75966;1.6319159;144.55843
60;6;3.144387;144.4816;3.2681084;144.37039
60;7;4.0104604;144.23648;3.8555553;144.31061
60;8;5.1121798;144.40967;5.2947664;144.36404
60;9;5.7721686;144.40207;5.6892066;144.28288
60;10;7.103546;144.33623;6.8010793;144.51413
60;11;7.3176775;144.52946;7.39796;144.58575
60;12;9.062493;144.50894;8.988163;144.41263
60;13;9.772025;144.3458;10.040029;144.26389
60;14;10.95665;144.38876;10.814071;144.41771
60;15;12.264007;144.42223;12.166589;144.43414
60;16;13.416456;144.25673;13.115595;144.33263
60;17;14.265069;144.277;14.08418;144.34976
60;18;15.024639;144.60866;14.820939;144.51321
60;19;15.591675;144.56691;16.153872;144.48537
60;20;16.26911;144.56938;16.865788;144.4806
60;21;17.602032;144.55469;17.888687;144.45735
60;22;19.096838;144.59178;18.606356;144.60219
60;23;20.028723;144.55266;19.617123;144.50789
60;24;20.808046;144.58794;20.542812;144.52745
60;25;22.48505;144.48248;22.379778;144.48961
60;26;23.0437;144.59032;22.906572;144.55354
60;27;24.107964;144.31041;23.894524;144.35986
60;28;24.083035;144.62657;24.408705;144.5828
60;29;26.180088;144.55705;26.353355;144.52585
60;30;26.983814;144.40115;26.974022;144.48598
60;31;27.858973;144.49435;27.58358;144.46983
60;32;28.572014;144.6441;29.26367;144.57259
60;33;30.30719;144.54025;30.097097;144.61237
60;34;30.64971;144.67628;30.884201;144.58383
60;35;31.535112;144.67572;31.798077;144.61345
60;36;32.627163;144.8592;32.99199;144.72995
60;37;33.91141;144.14133;33.77701;144.4776
60;38;35.746082;144.83528;35.260178;144.8793
60;39;35.46227;144.81209;35.770523;144.46773
70;-40;-43.63137;154.41605;-43.26862;154.65105
70;-39;-42.062813;154.72026;-42.437973;154.57224
70;-38;-41.314766;154.8196;-41.424953;154.72107
70;-37;-40.470055;154.52164;-40.024567;154.67624
70;-36;-39.36374;154.68184;-39.65223;154.60797
70;-35;-38.105602;154.44185;-38.04457;154.44498
70;-34;-37.40955;154.48463;-37.322063;154.55688
70;-33;-36.067665;154.58514;-36.289093;154.49771
70;-32;-35.378456;154.18361;-35.05858;154.42876
70;-31;-34.30053;154.78947;-34.488876;154.82146
70;-30;-33.5449;154.43637;-33.309032;154.55185
70;-29;-31.89078;154.57062;-31.910769;154.66504
70;-28;-31.566898;154.41609;-31.330017;154.55608
70;-27;-30.38137;154.58813;-30.357508;154.55386
70;-26;-29.224705;154.53189;-29.423288;154.53284
70;-25;-28.120424;154.67229;-28.29227;154.48889
70;-24;-27.61508;154.6354;-27.667032;154.63304
70;-23;-26.480173;154.5564;-26.700468;154.43762
70;-22;-25.717585;154.04979;-25.442167;154.17787
70;-21;-24.502636;154.57213;-24.531023;154.62172
70;-20;-22.901472;154.30812;-23.115952;154.37132
70;-19;-22.682566;154.37888;-22.276999;154.3799
70;-18;-21.26453;154.55226;-21.337833;154.60306
70;-17;-19.946608;154.14395;-20.230728;154.12888
70;-16;-18.441488;154.20508;-18.66271;154.33606
70;-15;-17.699032;154.23634;-17.903585;154.40466
70;-14;-17.05058;154.57587;-17.095377;154.37708
70;-13;-16.303864;154.01176;-16.271597;154.31938
70;-12;-14.962553;154.39378;-15.047793;154.3841
70;-11;-14.428353;154.35071;-14.552315;154.3486
70;-10;-12.950877;154.31213;-12.99024;154.27794
70;-9;-12.10732;154.4557;-12.487394;154.23651
70;-8;-11.117747;154.48273;-11.035411;154.33879
70;-7;-10.992376;154.188;-10.3922;154.3416
70;-6;-9.730659;154.13579;-9.437999;154.19496
70;-5;-7.8372865;154.40651;-7.9644594;154.48622
70;-4;-7.3195634;154.4615;-7.302451;154.33296
70;-3;-6.4421854;154.26395;-6.5101953;154.34477
70;-2;-4.637173;154.51521;-5.110531;154.389
70;-1;-3.6793735;154.34125;-3.8397858;154.37003
70;0;-3.617726;154.25711;-3.1444557;154.28383
70;1;-2.0489109;154.24316;-2.0918972;154.36494
70;2;-0.9906584;154.40575;-0.8833368;154.4319
70;3;-0.25156102;154.2934;-0.2754831;154.32834
70;4;0.7466949;154.27301;0.54101247;154.32861
70;5;1.9877121;154.4346;1.8040954;154.31804
70;6;3.0527022;154.4082;2.8028924;154.29047
70;7;4.0114055;154.25835;4.0869102;154.39806
70;8;4.5992746;154.25073;4.718179;154.28323
70;9;6.1048393;154.49017;5.8483877;154.38412
70;10;6.2945833;154.36673;6.636314;154.33833
70;11;7.528735;154.31143;7.433926;154.37189
70;12;8.117716;154.374;8.3948;154.20706
70;13;9.657675;154.29213;10.016079;154.38327
70;14;10.847406;154.29141;10.689599;154.35623
70;15;12.099851;154.44725;11.984762;154.30371
70;16;12.160815;154.41518;12.6637125;154.35881
70;17;13.81652;154.3324;13.68602;154.40001
70;18;15.081127;154.47672;14.925675;154.36723
70;19;15.671452;154.6071;16.030005;154.44118
70;20;17.255726;154.26285;16.98417;154.3844
70;21;17.835127;154.46896;17.981144;154.4248
70;22;19.10674;154.29362;18.940538;154.33896
70;23;20.208412;154.62907;19.963743;154.57303
70;24;20.641191;154.63577;21.004387;154.59875
70;25;22.504307;154.50131;22.215553;154.51953
70;26;23.487879;154.4576;23.159388;154.60403
70;27;24.455132;154.47638;23.97014;154.50502
70;28;24.314922;154.4453;24.589514;154.31776
70;29;25.220964;154.46692;25.557335;154.33241
70;30;26.43328;154.41609;26.809608;154.34149
70;31;28.22689;154.29373;27.956944;154.37627
70;32;29.14206;154.44023;28.884848;154.58447
70;33;29.890915;154.73854;30.129541;154.54497
70;34;30.783134;154.68665;30.9286;154.66518
70;35;32.2954;154.45961;32.13181;154.6431
70;36;32.395184;154.53282;32.566444;154.42406
70;37;33.966747;154.4013;33.60837;154.58798
70;38;35.1213;154.4911;34.77794;154.5749
70;39;35.95018;154.65903;35.77821;154.69958
80;-40;-43.034878;164.4975;-43.279007;164.4026
80;-39;-42.21586;164.52304;-42.177097;164.39305
80;-38;-41.403477;164.15097;-41.069534;164.30473
80;-37;-40.197258;164.54451;-40.271847;164.52943
80;-36;-39.064056;164.60713;-39.347546;164.321
80;-35;-38.272987;164.40233;-38.36417;164.38809
80;-34;-36.882618;164.46391;-36.99897;164.46806
80;-33;-36.12869;164.38153;-36.215923;164.36923
80;-32;-35.099285;164.59496;-35.277786;164.38182
80;-31;-34.00676;164.55391;-34.024117;164.44589
80;-30;-33.184925;164.619;-33.242325;164.56407
80;-29;-32.333675;164.67601;-32.15635;164.45285
80;-28;-31.19968;164.46887;-31.376099;164.4035
80;-27;-30.934666;164.27312;-30.464943;164.50085
80;-26;-29.324026;164.4393;-29.54978;164.4243
80;-25;-28.381638;164.41336;-28.558945;164.34988
80;-24;-27.599714;164.17136;-27.198656;164.29514
80;-23;-26.385307;164.49965;-26.564726;164.4354
80;-22;-25.302284;164.65768;-25.578289;164.39229
80;-21;-23.944618;164.57806;-24.03252;164.33467
80;-20;-23.15254;164.31474;-22.895933;164.33777
80;-19;-22.30216;164.68764;-22.0608;164.28809
80;-18;-21.05043;164.25438;-21.330866;164.3136
80;-17;-20.312428;164.477;-20.11086;164.33994
80;-16;-19.13282;164.11577;-18.802162;164.22752
80;-15;-17.734457;164.25453;-17.946646;164.23335
80;-14;-17.37647;164.1181;-16.91739;164.25272
80;-13;-16.588236;164.01811;-16.061125;164.1682
80;-12;-14.774691;164.25232;-14.853001;164.25862
80;-11;-14.0644;164.13794;-14.133305;164.1324
80;-10;-12.699916;164.26544;-12.855073;164.22946
80;-9;-12.024526;164.1457;-12.218984;164.2767
80;-8;-10.79138;164.30693;-11.07558;164.23624
80;-7;-10.339924;164.14638;-10.366922;164.174
80;-6;-9.172403;164.29266;-9.332653;164.33562
80;-5;-8.03746;164.2926;-8.054906;164.31471
80;-4;-7.3699265;164.21382;-7.2050467;164.32599
80;-3;-6.3201375;164.2641;-6.0067577;164.31937
80;-2;-5.316302;164.39679;-5.1443396;164.24146
80;-1;-4.207059;164.54451;-4.195457;164.29793
80;0;-3.0336223;164.27278;-3.0342364;164.32457
80;1;-2.4460053;164.35022;-2.717802;164.23367
80;2;-1.1104007;164.11708;-1.3828074;164.22523
80;3;-0.19004862;164.55418;-0.32580614;164.3754
80;4;-0.34534663;164.27846;0.74684405;164.26408
80;5;2.1264467;164.32156;1.769693;164.2927
80;6;2.7804;164.13133;2.7975583;164.16946
80;7;3.562091;164.20636;3.3979692;164.30716
80;8;4.5660834;164.42204;4.9522777;164.38884
80;9;5.8961177;164.40451;5.722236;164.37984
80;10;6.0118904;164.24985;6.392749;164.25401
80;11;7.3865924;164.30803;7.7880535;164.24162
80;12;8.530775;164.27078;8.655567;164.30782
80;13;9.507086;164.21432;9.619344;164.19862
80;14;10.07162;164.19907;10.486411;164.27464
80;15;12.031545;164.37517;11.97948;164.41452
80;16;13.131078;164.42824;13.137653;164.4011
80;17;14.219662;164.44914;14.060473;164.40971
80;18;14.271659;164.40746;14.735889;164.27248
80;19;15.712172;164.46028;15.72435;164.4511
80;20;16.255014;164.56656;16.595121;164.44698
80;21;17.803024;164.42458;17.70043;164.44582
80;22;18.773928;164.40868;18.563005;164.47215
80;23;19.22988;164.37373;19.42522;164.32632
80;24;20.770878;164.44353;20.996954;164.30806
80;25;22.012821;164.21182;21.733202;164.3194
80;26;22.553028;164.60849;22.699263;164.42313
80;27;24.360449;164.22537;24.083508;164.36746
80;28;24.12571;164.1849;23.827171;164.43156
80;29;25.57798;164.32503;25.338575;164.28273
80;30;26.448627;164.35364;26.28319;164.45891
80;31;27.248589;164.61957;27.803673;164.48906
80;32;28.36109;164.71013;28.53842;164.5567
80;33;29.954885;164.0515;29.588535;164.30188
80;34;30.455347;164.6414;30.739525;164.495
80;35;31.758533;164.72868;31.827566;164.45108
80;36;32.622463;164.70003;32.39805;164.3033
80;37;33.271732;164.75677;33.91981;164.4891
80;38;34.542164;164.4518;34.59966;164.48056
80;39;35.806664;164.0648;35.3804;164.34955
